Format,Mat,Inns,NO,Runs,HS,Ave,BF,SR,100s,50s,4s,6s,Ct,St
Test,12,20,8,28,7*,2.33,135,20.74,0,0,2,0,1,0
ODI,2,-,-,-,-,-,-,-,-,-,-,-,0,0
T20I,3,2,0,3,2,1.50,7,42.85,0,0,0,0,1,0
FC,91,121,50,541,53*,7.61,1355,39.92,0,1,67,10,23,0
List A,65,35,16,63,11*,3.31,120,52.50,0,0,6,1,11,0
T20,77,19,14,49,10*,9.80,43,113.95,0,0,6,1,8,0
"
"
ODI,7,7,2,146,45,29.20,127,114.96,0,0,10,3,4,0
T20I,28,23,3,373,52,18.64,302,123.50,0,1,28,14,8,0
FC,23,36,3,1090,142,33.03,1826,59.69,5,2,131,15,4,0
List A,58,52,11,1330,97,32.43,1560,85.25,0,8,100,37,26,0
T20,98,85,13,1665,76,23.12,1308,127.29,0,7,148,69,42,0
"
"
Test,8,11,4,4,2,0.57,43,9.30,0,0,0,0,1,0
FC,33,41,12,75,12*,2.58,254,29.52,0,0,8,2,8,0
List A,11,7,3,14,6,3.50,21,66.66,0,0,1,0,0,0
T20,38,12,9,25,9*,8.33,31,80.64,0,0,1,1,8,0
"
"
ODI,3,1,0,1,1,1.00,5,20.00,0,0,0,0,0,0
T20I,1,-,-,-,-,-,-,-,-,-,-,-,0,0
FC,14,18,8,90,19,9.00,251,35.85,0,0,10,2,3,0
List A,19,6,3,15,8,5.00,30,50.00,0,0,2,0,5,0
T20,23,7,5,16,15*,8.00,16,100.00,0,0,3,0,3,0
"
"
Test,25,42,1,1229,95,29.97,2105,58.38,0,9,158,5,46,4
ODI,47,47,3,1335,176,30.34,1489,89.65,4,3,140,22,34,3
T20I,38,37,1,711,61,19.75,548,129.74,0,4,70,26,18,1
FC,72,122,8,5516,274,48.38,8322,66.28,15,27,701,56,109,12
List A,124,122,6,4446,176,38.32,4839,91.87,11,19,489,84,87,30
T20,124,119,6,2557,78*,22.62,2030,125.96,0,14,268,73,66,19
"
"
ODI,3,3,0,24,14,8.00,33,72.72,0,0,1,2,0,0
T20I,18,12,2,120,23,12.00,124,96.77,0,0,6,4,7,0
FC,41,62,8,2367,177,43.83,3431,68.98,6,12,299,33,36,0
List A,73,57,3,1011,103,18.72,1249,80.94,1,4,110,24,32,0
T20,83,55,6,964,92,19.67,755,127.68,0,5,78,51,23,0
"
"
Test,50,94,7,2914,150*,33.49,5456,53.40,5,16,338,24,38,1
ODI,200,174,45,4469,128*,34.64,5800,77.05,3,25,337,70,69,0
T20I,102,94,21,1771,64*,24.26,1492,118.69,0,5,138,54,39,0
FC,114,204,20,6557,152,35.63,,,14,32,,,98,1
List A,287,257,56,7286,130,36.24,,,7,42,,,112,0
T20,256,234,49,4651,70*,25.14,3901,119.22,0,17,357,151,112,0
"
"
Test,27,50,6,894,103,20.31,1742,51.32,1,3,96,11,21,0
ODI,52,32,4,426,51,15.21,566,75.26,0,1,40,5,20,0
T20I,13,11,2,94,19*,10.44,80,117.50,0,0,7,4,7,0
FC,45,72,11,1577,103,25.85,2877,54.81,1,9,185,17,34,0
List A,101,74,9,1221,52,18.78,1542,79.18,0,5,87,25,37,0
T20,86,71,12,913,87*,15.47,819,111.47,0,4,86,28,35,0
"
"
Test,10,18,0,333,67,18.50,752,44.28,0,2,32,3,6,0
ODI,34,30,4,714,73*,27.46,921,77.52,0,6,61,16,7,0
T20I,17,13,1,127,47,10.58,136,93.38,0,0,10,4,4,0
FC,103,165,6,5378,186,33.82,,,12,28,,,141,20
List A,157,147,14,4458,100,33.51,5236,85.14,1,34,414,115,93,28
T20,153,134,21,2659,84*,23.53,2237,118.86,0,14,177,103,51,16
"
"
ODI,2,1,0,1,1,1.00,2,50.00,0,0,0,0,2,0
T20I,22,22,1,570,81,27.14,538,105.94,0,2,56,11,9,0
FC,6,11,0,183,65,16.63,416,43.99,0,1,20,1,2,0
List A,43,42,1,1822,136,44.43,2043,89.18,4,12,196,35,21,0
T20,67,65,6,1654,105,28.03,1455,113.67,1,5,147,56,28,0
"
"
ODI,29,19,9,362,51*,36.20,422,85.78,0,2,29,6,4,0
T20I,25,14,4,172,39*,17.20,161,106.83,0,0,14,5,7,0
FC,34,49,13,1260,100*,35.00,2732,46.12,1,9,147,12,18,0
List A,81,54,19,1060,68,30.28,1317,80.48,0,7,73,19,15,0
T20,84,44,16,399,40,14.25,346,115.31,0,0,29,15,17,0
"
"
Test,45,83,5,3349,181,42.93,6124,54.68,11,14,385,7,29,0
ODI,28,26,1,557,60,22.28,749,74.36,0,3,60,1,4,0
T20I,6,4,1,60,26*,20.00,50,120.00,0,0,5,2,1,0
FC,113,196,9,7792,258,41.66,,,24,32,,,69,0
List A,140,136,8,4052,182,31.65,4971,81.51,4,23,416,51,52,0
T20,118,102,16,2065,91,24.01,1804,114.46,0,11,215,38,39,0
"
"
Test,3,6,2,164,75,41.00,350,46.85,0,1,12,4,2,0
ODI,40,34,10,620,52*,25.83,741,83.67,0,3,57,12,16,0
T20I,16,15,5,200,34*,20.00,189,105.82,0,0,11,6,7,0
FC,39,61,7,3097,282,57.35,4785,64.72,11,11,288,87,27,0
List A,117,107,30,2972,110,38.59,3469,85.67,3,19,230,66,50,0
T20,102,90,23,1532,60*,22.86,1359,112.72,0,3,112,46,42,0
"
"
Test,75,138,11,4696,219*,36.97,9803,47.90,7,23,568,31,107,15
ODI,227,213,36,6581,144,37.18,8325,79.05,8,40,517,85,189,46
T20I,91,82,15,1321,72*,19.71,1143,115.57,0,5,111,33,38,29
FC,120,212,22,7079,219*,37.25,,,12,36,,,173,23
List A,308,289,49,9598,145*,39.99,,,13,59,,,261,83
T20,220,204,46,4594,98*,29.07,3631,126.52,0,27,394,128,122,48
"
"
Test,14,20,7,59,16,4.53,149,39.59,0,0,3,4,1,0
ODI,68,31,20,79,18*,7.18,142,55.63,0,0,9,0,13,0
T20I,52,18,6,47,15,3.91,67,70.14,0,0,3,3,12,0
FC,35,47,23,142,30*,5.91,383,37.07,0,0,13,8,5,0
List A,75,33,20,83,18*,6.38,152,54.60,0,0,9,0,14,0
T20,157,49,28,121,21*,5.76,163,74.23,0,0,7,8,32,0
"
"
Test,9,17,1,549,163,34.31,1142,48.07,2,1,54,8,11,0
ODI,8,8,0,93,29,11.62,158,58.86,0,0,7,2,2,0
T20I,3,3,0,24,11,8.00,23,104.34,0,0,2,0,2,0
FC,49,82,5,3353,253*,43.54,6135,54.65,9,15,400,29,37,0
List A,106,104,14,3300,150*,36.66,3920,84.18,6,15,270,70,54,0
T20,78,73,6,1584,115*,23.64,1228,128.99,2,6,138,62,33,0
"
"
T20I,14,5,3,8,3*,4.00,18,44.44,0,0,0,0,2,0
FC,20,31,8,447,85,19.43,876,51.02,0,2,70,1,8,0
List A,37,29,2,196,31,7.25,277,70.75,0,0,15,5,9,0
T20,57,18,4,72,17,5.14,102,70.58,0,0,4,2,13,0
"
"
Test,7,10,3,109,26,15.57,248,43.95,0,0,12,0,4,0
FC,28,35,9,457,43*,17.57,1079,42.35,0,0,52,1,16,0
List A,41,30,15,320,51*,21.33,492,65.04,0,1,25,0,22,0
T20,44,27,9,197,24*,10.94,240,82.08,0,0,13,1,14,0
"
"
Test,3,6,0,115,64,19.16,186,61.82,0,1,11,2,5,3
ODI,3,3,1,113,45*,56.50,109,103.66,0,0,10,2,2,1
T20I,22,19,7,173,30*,14.41,148,116.89,0,0,16,2,9,7
FC,89,134,20,4362,182*,38.26,6413,68.01,9,20,485,70,230,44
List A,96,90,17,2523,108,34.56,2716,92.89,2,12,222,41,84,36
T20,127,113,35,1786,79*,22.89,1379,129.51,0,2,137,69,72,28
"
"
Test,27,47,19,265,45*,9.46,603,43.94,0,0,34,4,11,0
ODI,104,53,24,144,17,4.96,277,51.98,0,0,14,2,20,0
T20I,28,15,10,20,8*,4.00,36,55.55,0,0,1,0,1,0
FC,60,88,28,555,45*,9.25,,,0,0,,,18,0
List A,175,96,42,349,45,6.46,548,63.68,0,0,27,9,43,0
T20,133,45,24,109,36,5.19,137,79.56,0,0,7,2,31,0
"
"
Test,5,9,0,127,43,14.11,261,48.65,0,0,21,2,0,0
FC,47,73,6,2749,220*,41.02,5960,46.12,5,13,320,54,21,0
List A,72,70,5,2681,148*,41.24,3535,75.84,7,14,234,70,30,0
T20,28,25,1,682,61,28.41,590,115.59,0,5,61,29,15,0
"
"
Test,8,15,1,477,115*,34.07,1078,44.24,1,2,51,0,4,0
FC,56,90,5,3914,189,46.04,8413,46.52,9,21,492,20,32,0
List A,59,58,3,2118,144*,38.50,3060,69.21,2,13,200,27,20,0
T20,11,11,0,166,45,15.09,195,85.12,0,0,18,1,7,0
"
"
Test,58,107,7,3933,217,39.33,6379,61.65,5,25,480,19,25,0
ODI,215,203,29,6600,134*,37.93,8035,82.14,9,49,596,43,52,0
T20I,88,87,10,1763,84,22.89,1452,121.41,0,9,183,35,21,0
FC,94,171,14,5848,217,37.24,,,8,35,,,48,0
List A,260,246,31,7742,134*,36.00,9190,84.24,9,57,697,64,70,0
T20,340,312,45,5434,86*,20.35,4496,120.86,0,19,503,133,85,0
"
"
T20I,7,6,1,72,31*,14.40,50,144.00,0,0,9,2,5,0
FC,1,2,0,3,2,1.50,11,27.27,0,0,0,0,0,0
List A,19,18,3,504,71,33.60,687,73.36,0,4,38,13,12,0
T20,37,32,6,508,52*,19.53,348,145.97,0,1,35,29,26,0
"
"
Test,1,2,1,0,0*,0.00,10,0.00,0,0,0,0,1,0
ODI,4,3,1,8,8,4.00,7,114.28,0,0,0,1,0,0
T20I,11,5,2,11,6,3.66,11,100.00,0,0,1,1,4,0
FC,9,9,3,29,12,4.83,69,42.02,0,0,1,3,2,0
List A,31,16,7,76,22,8.44,63,120.63,0,0,4,6,5,0
T20,49,17,5,44,12,3.66,54,81.48,0,0,5,2,20,0
"
"
Test,16,30,0,831,149,27.70,1442,57.62,1,4,109,9,23,0
ODI,61,58,3,1768,127*,32.14,1816,97.35,2,11,203,43,34,0
T20I,62,62,3,1109,68,18.79,903,122.81,0,5,109,43,30,0
FC,71,124,6,3499,149,29.65,5747,60.88,3,21,472,49,60,0
List A,145,140,6,4401,208*,32.84,4879,90.20,6,24,460,129,79,0
T20,167,164,13,2968,88*,19.65,2504,118.53,0,15,289,113,78,0
"
"
Test,33,55,8,467,39*,9.93,1244,37.54,0,0,55,2,18,0
ODI,9,5,1,63,39*,15.75,78,80.76,0,0,7,1,1,0
T20I,2,1,1,0,0*,-,1,0.00,0,0,0,0,0,0
FC,79,116,21,1188,64,12.50,2444,48.60,0,2,160,8,44,0
List A,100,58,18,516,57*,12.90,761,67.80,0,1,44,8,42,0
T20,88,26,10,179,22*,11.18,228,78.50,0,0,13,2,12,0
"
"
Test,64,123,2,4788,206,39.57,8290,57.75,9,31,608,40,18,0
ODI,219,217,9,7666,158,36.85,9753,78.60,14,51,831,98,61,0
T20I,78,78,5,1758,103*,24.08,1503,116.96,1,7,188,45,18,0
FC,96,178,9,7508,334*,44.42,,,16,44,,,32,0
List A,266,264,12,9601,158,38.09,11798,81.37,19,60,,,75,0
T20,229,228,20,6479,141*,31.14,5449,118.90,3,40,662,195,68,0
"
"
Test,8,14,1,156,75,12.00,353,44.19,0,1,15,2,1,0
ODI,42,20,6,61,14,4.35,158,38.60,0,0,5,0,9,0
T20I,24,10,4,48,15*,8.00,47,102.12,0,0,6,1,2,0
FC,30,43,15,344,75,12.28,751,45.80,0,1,36,6,4,0
List A,89,42,15,260,38*,9.62,373,69.70,0,0,20,8,18,0
T20,94,37,15,132,18*,6.00,150,88.00,0,0,10,5,11,0
"
"
FC,12,15,3,68,23,5.66,269,25.27,0,0,9,1,2,0
List A,13,7,1,34,11,5.66,59,57.62,0,0,2,1,4,0
T20,2,1,0,3,3,3.00,9,33.33,0,0,0,0,0,0
"
"
Test,13,22,6,248,43,15.50,382,64.92,0,0,30,6,4,0
ODI,153,97,39,779,53*,13.43,1020,76.37,0,1,55,21,32,0
T20I,34,20,10,41,9,4.09,74,55.40,0,0,1,0,10,0
FC,137,188,22,2817,97,16.96,4228,66.62,0,10,,,52,0
List A,280,190,59,1735,53*,13.24,2017,86.01,0,1,,,60,0
T20,90,44,19,207,36*,8.27,241,85.89,0,0,13,6,22,0
"
"
ODI,2,1,0,1,1,1.00,11,9.09,0,0,0,0,1,0
T20I,13,5,4,58,22*,58.00,43,134.88,0,0,5,4,2,0
FC,36,48,13,460,68,13.14,1054,43.64,0,1,46,13,17,0
List A,74,43,14,300,32*,10.34,471,63.69,0,0,14,11,18,0
T20,75,36,18,294,53*,16.33,250,117.60,0,1,21,15,31,0
"
"
FC,14,22,4,294,98,16.33,679,43.29,0,1,43,2,10,3
List A,27,24,0,324,44,13.50,423,76.59,0,0,44,4,18,13
"
"
FC,42,76,6,1242,82*,17.74,3596,34.53,0,4,38,0
List A,47,37,6,545,65,17.58,949,57.42,0,2,14,0
"
"
Test,3,5,3,165,113,82.50,278,59.35,1,0,17,5,3,0
ODI,7,3,0,11,7,3.66,16,68.75,0,0,1,0,1,0
T20I,5,2,0,14,9,7.00,11,127.27,0,0,2,0,0,0
FC,35,49,6,1135,113,26.39,1821,62.32,1,5,140,29,13,0
List A,78,59,12,938,76,19.95,1088,86.21,0,4,67,37,17,0
T20,51,29,9,180,30*,9.00,192,93.75,0,0,16,4,14,0
"
"
Test,16,31,3,582,82*,20.78,1173,49.61,0,1,78,3,7,0
ODI,85,85,6,1954,92,24.73,2353,83.04,0,14,205,49,29,0
T20I,11,11,1,228,62*,22.80,178,128.08,0,1,26,6,4,0
FC,61,111,9,2502,129,24.52,4438,56.37,1,9,,,35,0
List A,125,125,7,2832,92,24.00,3529,80.24,0,19,,,38,0
T20,28,26,2,343,62*,14.29,313,109.58,0,1,41,6,4,0
"
"
ODI,1,1,0,11,11,11.00,19,57.89,0,0,2,0,0,0
FC,10,14,3,91,23,8.27,,,0,0,,,3,0
List A,10,9,0,110,58,12.22,,,0,1,,,4,0
"
"
FC,35,57,7,995,83,19.89,0,4,10,0
List A,27,22,4,175,41,9.72,0,0,9,0
"
"
FC,2,3,0,57,28,19.00,128,44.53,0,0,6,0,8,2
List A,18,15,0,326,56,21.73,410,79.51,0,2,26,2,21,3
T20,29,21,5,337,45*,21.06,266,126.69,0,0,20,16,14,6
"
"
Test,8,16,0,259,44,16.18,686,37.75,0,0,29,3,3,0
ODI,44,44,2,976,65,23.23,1721,56.71,0,5,,,8,0
FC,43,77,4,2117,129*,29.00,,,2,10,,,24,0
List A,94,88,9,2192,82,27.74,,,0,12,,,18,0
"
"
Test,15,30,0,683,71,22.76,1329,51.39,0,4,99,4,10,0
ODI,29,29,1,374,62*,13.35,709,52.75,0,2,45,1,7,0
FC,68,123,3,3596,128*,29.96,,,4,24,,,41,0
List A,96,94,5,1797,107,20.19,,,1,11,,,37,0
"
"
FC,51,76,5,2558,199,36.02,4009,63.80,3,16,319,26,30,0
List A,90,78,9,2369,111,34.33,2806,84.42,4,13,199,44,38,0
T20,51,42,7,573,51,16.37,491,116.70,0,1,55,17,12,0
"
"
Test,7,11,7,90,32*,22.50,127,70.86,0,0,11,5,0,0
ODI,15,7,5,4,2*,2.00,20,20.00,0,0,0,0,1,0
T20I,31,6,4,7,5*,3.50,12,58.33,0,0,1,0,4,0
FC,57,74,32,351,37,8.35,720,48.75,0,0,41,13,12,0
List A,98,45,26,136,21,7.15,245,55.51,0,0,11,4,14,0
T20,112,29,18,48,17,4.36,79,60.75,0,0,4,1,15,0
"
"
Test,3,5,1,8,4,2.00,86,9.30,0,0,1,0,0,0
FC,54,86,25,603,29*,9.88,,,0,0,,,19,0
List A,25,17,6,145,27,13.18,,,0,0,,,4,0
"
"
FC,28,42,4,993,180,26.13,1723,57.63,2,4,104,15,17,0
List A,62,49,10,546,44,14.00,620,88.06,0,0,32,23,13,0
T20,53,33,13,339,38,16.95,265,127.92,0,0,20,18,20,0
"
"
FC,34,57,15,1269,109*,30.21,3340,37.99,1,6,7,0
List A,24,19,5,247,41*,17.64,460,53.69,0,0,4,0
"
"
Test,17,34,1,584,85,17.69,1201,48.62,0,2,80,3,5,0
ODI,69,66,3,1235,115,19.60,1817,67.96,1,5,101,10,29,0
T20I,7,7,2,57,19,11.40,85,67.05,0,0,3,1,2,0
FC,168,278,15,9093,228,34.57,,,20,37,,,142,0
List A,221,206,23,4723,115,25.80,,,4,21,,,94,0
T20,108,80,24,1039,62,18.55,968,107.33,0,3,80,32,23,0
"
"
FC,2,2,0,7,7,3.50,18,38.88,0,0,1,0,0,0
"
"
T20I,7,4,3,22,9,22.00,18,122.22,0,0,4,0,1,0
FC,2,3,0,13,10,4.33,58,22.41,0,0,1,0,0,0
List A,22,21,2,532,90*,28.00,799,66.58,0,4,30,3,8,0
T20,25,12,7,74,34*,14.80,69,107.24,0,0,9,1,6,0
"
"
Test,13,26,1,530,145,21.20,1520,34.86,1,2,50,0,5,0
ODI,39,39,5,794,70,23.35,1403,56.59,0,3,57,2,13,0
FC,40,72,9,1940,153,30.79,,,4,9,,,22,0
List A,75,74,8,1514,78,22.93,,,0,7,,,31,0
"
"
ODI,1,1,1,1,1*,-,1,100.00,0,0,0,0,0,0
FC,25,37,11,442,52,17.00,,,0,1,,,17,0
List A,31,24,7,98,21*,5.76,,,0,0,,,6,0
"
"
FC,33,57,4,1157,89,21.83,2732,42.34,0,7,174,2,34,0
List A,76,73,4,2036,101,29.50,3109,65.48,1,10,186,36,23,0
T20,4,3,1,10,6,5.00,14,71.42,0,0,0,0,2,0
"
"
FC,4,7,0,298,125,42.57,451,66.07,1,2,42,2,7,0
List A,7,6,1,83,43,16.60,124,66.93,0,0,8,0,4,2
T20,2,1,0,4,4,4.00,9,44.44,0,0,0,0,1,0
"
"
Test,4,8,0,73,22,9.12,220,33.18,0,0,8,0,2,0
ODI,38,35,0,1052,120,30.05,1488,70.69,3,3,103,19,10,0
T20I,13,13,2,355,58,32.27,301,117.94,0,1,38,12,2,0
FC,95,166,15,7083,216,46.90,12144,58.32,22,34,749,146,102,25
List A,148,143,6,4452,150*,32.49,5603,79.45,12,19,399,125,81,25
T20,135,130,10,2662,105,22.18,2255,118.04,1,10,228,104,59,18
"
"
ODI,2,2,0,2,2,1.00,11,18.18,0,0,0,0,0,0
FC,35,52,7,496,56,11.02,,,0,2,,,23,0
List A,47,35,17,98,13,5.44,,,0,0,,,15,0
"
"
Test,3,6,3,22,13,7.33,73,30.13,0,0,2,0,0,0
ODI,1,1,1,0,0*,-,8,0.00,0,0,0,0,0,0
FC,30,45,16,219,28,7.55,,,0,0,,,7,0
List A,20,10,5,28,14*,5.60,,,0,0,,,3,0
"
"
Test,1,2,0,14,12,7.00,44,31.81,0,0,2,0,0,0
ODI,1,1,0,42,42,42.00,107,39.25,0,0,6,0,0,0
FC,71,124,9,2339,145,20.33,,,3,9,,,152,12
List A,22,20,1,817,113*,43.00,1385,58.98,1,5,,,9,5
"
"
ODI,16,11,7,48,15,12.00,92,52.17,0,0,5,0,5,0
T20I,10,6,3,34,10,11.33,30,113.33,0,0,3,1,1,0
FC,85,123,38,1435,55,16.88,,,0,2,,,37,0
List A,133,74,36,697,51*,18.34,1176,59.26,0,2,,,39,0
T20,127,49,25,225,18,9.37,263,85.55,0,0,18,3,37,0
"
"
Test,2,4,1,88,41*,29.33,159,55.34,0,0,8,2,2,0
ODI,1,-,-,-,-,-,-,-,-,-,-,-,0,0
T20I,9,8,4,59,18*,14.75,61,96.72,0,0,4,0,5,0
FC,89,137,15,4146,231,33.98,6550,63.29,8,22,398,94,68,0
List A,107,95,14,2169,109,26.77,2673,81.14,2,8,129,67,53,0
T20,100,80,23,1256,59*,22.03,1082,116.08,0,1,77,40,49,0
"
"
List A,7,3,2,12,6*,12.00,19,63.15,0,0,0,0,2,0
"
"
List A,1,1,0,3,3,3.00,26,11.53,0,0,0,0,0,0
"
"
FC,16,28,1,554,114,20.51,1105,50.13,1,1,82,2,21,6
List A,14,13,0,151,40,11.61,279,54.12,0,0,16,0,8,3
T20,1,1,0,14,14,14.00,10,140.00,0,0,2,1,0,0
"
"
FC,2,3,1,3,2,1.50,17,17.64,0,0,0,0,6,0
"
"
FC,8,16,0,259,105,16.18,551,47.00,1,0,35,1,2,0
List A,3,3,0,6,5,2.00,23,26.08,0,0,1,0,1,0
"
"
FC,3,4,0,67,27,16.75,140,47.85,0,0,11,0,0,0
List A,10,10,0,210,66,21.00,276,76.08,0,1,30,0,5,0
"
"
FC,58,104,7,3519,200,36.27,5583,63.03,8,18,428,28,48,1
List A,83,73,13,1996,91*,33.26,2817,70.85,0,12,144,23,45,0
T20,20,14,1,184,38,14.15,170,108.23,0,0,20,4,7,0
"
"
List A,1,1,0,6,6,6.00,19,31.57,0,0,1,0,2,1
T20,3,2,0,11,8,5.50,12,91.66,0,0,1,0,2,2
"
"
FC,6,10,2,62,30,7.75,166,37.34,0,0,6,1,3,0
List A,9,2,1,12,9*,12.00,15,80.00,0,0,1,0,0,0
"
"
ODI,19,19,1,532,82,29.55,945,56.29,0,3,2,0
FC,3,6,0,48,23,8.00,,,0,0,5,0
List A,29,29,1,708,82,25.28,,,0,4,3,0
"
"
List A,1,1,0,14,14,14.00,14,100.00,0,0,1,1,0,0
"
"
WODI,12,11,0,198,70,18.00,408,48.52,0,1,23,0,0,0
WT20I,53,53,2,700,46,13.72,968,72.31,0,0,68,12,10,0
"
"
ODI,7,7,0,96,54,13.71,266,36.09,0,1,2,0
List A,7,7,0,96,54,13.71,,,0,1,2,0
"
"
WT20I,1,-,-,-,-,-,-,-,-,-,-,-,0,0
"
"
FC,16,17,7,94,17,9.40,159,59.11,0,0,14,2,7,0
List A,29,15,5,74,20,7.40,101,73.26,0,0,4,3,10,0
T20,6,3,1,1,1*,0.50,4,25.00,0,0,0,0,2,0
"
"
ODI,14,12,3,126,30,14.00,201,62.68,0,0,9,1,9,4
T20I,1,1,0,1,1,1.00,2,50.00,0,0,0,0,0,1
FC,133,209,23,6710,183,36.07,11214,59.83,12,40,,,283,42
List A,133,117,19,2751,147,28.07,,,1,10,,,101,47
T20,39,29,2,403,55,14.92,417,96.64,0,1,28,7,21,13
"
"
ODI,7,4,0,61,41,15.25,44,138.63,0,0,5,4,0,0
FC,64,101,8,1491,70,16.03,2252,66.20,0,4,,,25,0
List A,62,51,12,496,53*,12.71,665,74.58,0,1,,,10,0
T20,15,13,6,91,30*,13.00,75,121.33,0,0,8,3,0,0
"
"
Test,1,2,0,7,5,3.50,31,22.58,0,0,0,0,0,0
ODI,6,6,0,57,20,9.50,129,44.18,0,0,6,0,0,0
FC,63,110,7,4017,186,39.00,,,10,24,,,50,0
List A,71,69,4,1542,117*,23.72,,,1,8,,,23,3
"
"
Test,4,6,1,38,20*,7.60,143,26.57,0,0,4,1,1,0
ODI,4,4,2,2,1*,1.00,11,18.18,0,0,0,0,0,0
T20I,7,4,2,9,5,4.50,9,100.00,0,0,1,0,4,0
FC,97,152,24,2823,176,22.05,6812,41.44,3,12,,,52,0
List A,151,123,29,1908,87*,20.29,2895,65.90,0,4,,,51,0
T20,74,35,15,229,30,11.45,231,99.13,0,0,18,6,26,0
"
"
Test,10,19,4,180,24*,12.00,520,34.61,0,0,25,1,1,0
ODI,29,26,5,236,32,11.23,479,49.26,0,0,,0,6,0
FC,34,51,8,1033,81,24.02,,,0,6,,,25,0
List A,64,58,11,624,84*,13.27,,,0,1,,,23,0
"
"
Test,15,26,16,59,13,5.90,271,21.77,0,0,7,0,3,0
ODI,10,5,1,12,5,3.00,19,63.15,0,0,0,0,8,0
FC,133,201,54,2125,91,14.45,,,0,5,,,61,0
List A,126,77,35,343,37*,8.16,,,0,0,,,38,0
T20,61,18,10,32,7,4.00,47,68.08,0,0,1,0,7,0
"
"
Test,3,6,0,52,33,8.66,86,60.46,0,0,7,1,1,0
ODI,3,3,1,6,5,3.00,17,35.29,0,0,0,0,2,0
FC,37,62,6,1238,106,22.10,,,1,6,,,27,0
List A,33,31,6,358,54,14.32,,,0,1,,,12,0
"
"
WODI,14,13,2,67,12,6.09,171,39.18,0,0,2,0,7,0
WT20I,59,43,15,300,32*,10.71,307,97.71,0,0,24,0,22,0
"
"
Test,1,2,0,7,5,3.50,27,25.92,0,0,1,0,0,0
ODI,6,5,1,43,17,10.75,91,47.25,0,0,3,1,3,0
FC,114,188,14,6657,180,38.25,11271,59.06,12,38,,,88,2
List A,106,103,14,2668,93,29.97,,,0,20,,,43,0
T20,8,7,1,119,43,19.83,110,108.18,0,0,7,2,4,0
"
"
WODI,37,36,2,732,69*,21.52,1510,48.47,0,6,62,0,7,0
WT20I,68,63,9,998,110*,18.48,1204,82.89,1,2,84,5,13,0
"
"
ODI,34,31,6,412,50,16.48,636,64.77,0,1,39,8,13,0
T20I,13,9,0,72,19,8.00,88,81.81,0,0,4,2,4,0
FC,130,206,29,5253,259,29.67,9101,57.71,6,28,,,80,0
List A,196,161,39,2730,96,22.37,3116,87.61,0,11,,,83,0
T20,137,87,18,892,45,12.92,725,123.03,0,0,62,42,58,0
"
"
ODI,7,7,0,105,57,15.00,273,38.46,0,1,2,0
FC,5,8,1,258,68,36.85,,,0,1,5,0
List A,21,21,1,437,102*,21.85,,,1,1,8,0
"
"
ODI,2,2,0,0,0,0.00,9,0.00,0,0,0,0,1,0
FC,88,147,3,4750,195,32.98,8910,53.31,9,23,,,41,0
List A,100,94,9,2892,149*,34.02,3941,73.38,7,15,237,60,27,0
T20,46,40,4,799,71,22.19,736,108.55,0,3,64,30,7,0
"
"
ODI,7,7,0,59,18,8.42,239,24.68,0,0,1,0
List A,7,7,0,59,18,8.42,,,0,0,1,0
"
"
FC,57,101,1,3332,165,33.32,5499,60.59,5,22,,,48,0
List A,34,34,1,855,90,25.90,1076,79.46,0,6,,,12,0
T20,2,2,0,50,42,25.00,55,90.90,0,0,5,1,1,0
"
"
ODI,9,3,2,8,4,8.00,16,50.00,0,0,0,0,0
List A,12,4,2,8,4,4.00,,,0,0,,0,0
"
"
ODI,5,4,2,44,23*,22.00,104,42.30,0,0,0,0
List A,5,4,2,44,23*,22.00,,,0,0,0,0
"
"
FC,1,2,1,4,4,4.00,5,80.00,0,0,1,0,0,0
"
"
FC,33,51,11,634,56,15.85,0,1,68,12
List A,29,24,8,252,39*,15.75,0,0,39,8
"
"
Test,50,99,1,3026,113,30.87,5020,60.27,3,24,401,4,22,0
ODI,111,105,5,2168,78,21.68,3586,60.45,0,14,,10,26,0
FC,91,170,5,5571,224,33.76,,,7,41,,,40,0
List A,156,149,9,3418,83,24.41,,,0,24,,,33,0
"
"
ODI,2,1,0,8,8,8.00,24,33.33,0,0,2,0
List A,2,1,0,8,8,8.00,,,0,0,2,0
"
"
FC,51,78,10,1657,105,24.36,4436,37.35,1,9,189,12,110,19
List A,46,37,5,571,59,17.84,958,59.60,0,1,52,6,41,16
T20,6,1,0,0,0,0.00,1,0.00,0,0,0,0,6,2
"
"
Test,17,33,0,662,76,20.06,1419,46.65,0,5,90,0,7,0
ODI,20,20,0,383,61,19.14,713,53.71,0,3,36,2,8,0
FC,92,170,1,4267,121,25.24,,,2,29,,,43,0
List A,81,79,0,1633,116,20.67,,,1,12,,,28,0
T20,7,7,0,104,44,14.85,67,155.22,0,0,17,2,4,0
"
"
ODI,2,2,0,0,0,0.00,17,0.00,0,0,0,0,0,0
FC,8,16,0,236,66,14.75,,,0,1,,,8,0
List A,13,12,0,165,75,13.75,,,0,1,,,6,1
"
"
FC,2,2,0,1,1,0.50,17,5.88,0,0,0,0,2,0
List A,14,7,3,14,6*,3.50,35,40.00,0,0,0,0,5,0
T20,11,3,0,6,4,2.00,7,85.71,0,0,1,0,1,0
"
"
FC,10,16,1,325,75*,21.66,1239,26.23,0,2,27,9
List A,7,3,0,23,13,7.66,53,43.39,0,0,7,6
"
"
Test,5,10,1,97,31,10.77,124,78.22,0,0,10,3,1,0
ODI,32,26,6,172,21*,8.60,247,69.63,0,0,,,6,0
FC,52,86,13,863,61*,11.82,,,0,2,,,13,0
List A,85,68,16,511,42,9.82,,,0,0,,,18,0
"
"
FC,10,17,0,110,26,6.47,336,32.73,0,0,19,0,1,0
List A,4,2,0,6,4,3.00,7,85.71,0,0,1,0,1,0
"
"
FC,28,50,1,1367,149,27.89,3078,44.41,2,4,187,9,34,0
List A,13,11,2,231,81,25.66,337,68.54,0,2,15,0,3,0
T20,1,1,0,0,0,0.00,1,0.00,0,0,0,0,0,0
"
"
List A,2,2,0,13,10,6.50,23,56.52,0,0,0,0,1,0
"
"
Test,39,76,2,1797,150,24.28,3742,48.02,3,4,240,11,35,0
ODI,78,78,2,2434,144,32.02,3423,71.10,4,16,238,37,21,0
T20I,14,13,0,119,36,9.15,134,88.80,0,0,14,3,4,0
FC,117,213,9,7019,204,34.40,,,18,24,,,108,0
List A,176,176,7,5737,144,33.94,7723,74.28,10,35,568,112,59,2
T20,138,135,11,2919,82*,23.54,2503,116.62,0,12,254,115,48,0
"
"
FC,60,97,7,2453,104*,27.25,4979,49.26,2,15,335,8,94,20
List A,66,65,3,1770,95,28.54,2352,75.25,0,11,176,16,43,18
T20,35,31,5,551,68*,21.19,454,121.36,0,4,49,20,14,6
"
"
FC,22,36,6,396,66,13.20,1154,34.31,0,1,15,0
List A,15,13,3,106,52,10.60,167,63.47,0,1,2,0
"
"
WODI,37,30,8,152,23,6.90,398,38.19,0,0,15,0,5,0
WT20I,71,48,23,167,18*,6.68,229,72.92,0,0,7,4,12,0
"
"
ODI,3,3,0,4,3,1.33,22,18.18,0,0,0,0,0,1
FC,30,51,5,1302,120,28.30,,,2,7,,,28,1
List A,32,31,3,635,104,22.67,,,1,3,,,16,3
"
"
ODI,2,1,1,7,7*,-,16,43.75,0,0,1,0,0,0
FC,6,6,1,50,18,10.00,,,0,0,,,3,0
List A,14,7,2,64,16,12.80,,,0,0,,,2,0
"
"
ODI,5,4,2,16,8*,8.00,62,25.80,0,0,1,0
FC,2,4,0,26,20,6.50,,,0,0,0,0
List A,5,4,2,16,8*,8.00,,,0,0,1,0
"
"
Test,7,14,1,347,48,26.69,902,38.47,0,0,37,4,7,0
ODI,14,13,1,270,53,22.50,371,72.77,0,1,25,2,7,0
T20I,3,3,0,31,18,10.33,23,134.78,0,0,3,1,3,0
FC,139,241,23,7764,167,35.61,,,15,43,,,147,9
List A,157,156,10,4161,130,28.50,5726,72.66,5,28,,,82,14
T20,118,109,20,1854,80,20.83,1591,116.53,0,9,151,63,46,14
"
"
FC,22,37,6,1001,88,32.29,2289,43.73,0,7,104,10,52,6
List A,46,36,7,919,107*,31.68,1217,75.51,1,3,63,21,37,7
T20,31,27,7,407,76,20.35,347,117.29,0,2,24,17,15,3
"
"
ODI,1,1,1,18,18*,-,28,64.28,0,0,2,0,1,0
FC,64,114,16,3046,121,31.08,,,4,15,,,42,0
List A,61,56,11,758,69,16.84,,,0,1,,,26,0
"
"
WODI,2,2,0,1,1,0.50,13,7.69,0,0,0,0,0,0
WT20I,1,-,-,-,-,-,-,-,-,-,-,-,0,0
"
"
FC,16,29,2,516,84*,19.11,1071,48.17,0,4,67,2,16,3
List A,47,41,0,819,89,19.97,1223,66.96,0,2,93,6,39,17
T20,5,5,0,19,10,3.80,32,59.37,0,0,1,0,1,1
"
"
Test,40,80,2,1720,119,22.05,4509,38.14,1,8,240,1,10,0
ODI,59,59,4,1312,85*,23.85,2528,51.89,0,10,139,5,12,0
FC,102,191,5,5353,173,28.77,,,10,24,,,38,0
List A,108,108,10,2381,85*,24.29,,,0,13,,,27,0
"
"
FC,12,19,1,455,65,25.27,890,51.12,0,2,57,4,11,0
List A,20,20,0,319,61,15.95,562,56.76,0,1,32,2,11,0
T20,7,5,1,69,24,17.25,78,88.46,0,0,6,2,3,0
"
"
Test,6,5,2,13,7*,4.33,88,14.77,0,0,1,0,2,0
ODI,3,1,0,5,5,5.00,9,55.55,0,0,1,0,1,0
T20I,1,-,-,-,-,-,-,-,-,-,-,-,0,0
FC,24,24,9,49,9,3.26,214,22.89,0,0,7,0,7,0
List A,17,9,4,39,19*,7.80,46,84.78,0,0,4,1,6,0
T20,9,3,1,11,8*,5.50,17,64.70,0,0,1,0,3,0
"
"
Test,19,37,0,969,106,26.18,2341,41.39,1,7,123,1,11,0
ODI,54,53,1,1196,100,23.00,1753,68.22,1,6,118,7,23,0
T20I,7,7,0,159,71,22.71,108,147.22,0,1,16,7,1,0
FC,137,239,11,7985,193,35.02,,,16,41,,,132,0
List A,182,180,4,5152,136,29.27,6999,73.61,7,30,,,61,0
T20,78,77,3,1489,89*,20.12,1225,121.55,0,4,154,46,15,0
"
"
Test,7,14,5,51,25*,5.66,281,18.14,0,0,5,2,0,0
FC,84,119,32,969,63,11.13,,,0,3,,,24,0
List A,78,43,23,228,26*,11.40,339,67.25,0,0,12,11,17,0
T20,68,24,11,125,38*,9.61,114,109.64,0,0,7,6,15,0
"
"
FC,50,81,16,765,46*,11.76,2010,38.05,0,0,95,7,27,0
List A,37,28,8,204,29,10.19,399,51.12,0,0,15,0,11,0
T20,2,1,0,4,4,4.00,8,50.00,0,0,0,0,2,0
"
"
WODI,30,17,9,44,7,5.50,141,31.20,0,0,2,0,8,0
WT20I,49,13,7,19,5,3.16,36,52.77,0,0,0,0,6,0
"
"
Test,2,2,1,4,4*,4.00,19,21.05,0,0,1,0,2,0
FC,26,32,15,142,26,8.35,277,51.26,0,0,15,7,17,0
List A,34,11,5,7,4*,1.16,19,36.84,0,0,1,0,8,0
T20,29,4,3,14,8*,14.00,16,87.50,0,0,1,0,5,0
"
"
Test,12,23,1,266,45,12.09,455,58.46,0,0,30,3,2,0
ODI,77,72,3,991,50,14.36,1461,67.83,0,1,90,7,17,0
FC,46,76,6,1767,141*,25.24,,,1,9,,,21,0
List A,125,108,9,1891,145*,19.10,,,1,3,,,32,0
"
"
Test,44,84,10,1409,103*,19.04,4136,34.06,1,3,147,1,78,9
ODI,126,110,27,1818,71*,21.90,3315,54.84,0,7,,,91,35
FC,114,194,19,4374,201*,24.99,,,3,22,,,184,20
List A,198,172,39,2678,71*,20.13,,,0,10,,,152,50
T20,7,3,2,2,1*,2.00,8,25.00,0,0,0,0,6,1
"
"
FC,3,5,0,132,71,26.40,383,34.46,0,1,,,8,0
List A,2,1,0,0,0,0.00,2,0.00,0,0,0,0,5,0
"
"
WODI,22,22,2,333,52,16.64,623,53.45,0,1,28,0,10,0
WT20I,38,35,7,299,32,10.67,471,63.48,0,0,17,0,22,0
"
"
WT20I,4,2,1,0,0*,0.00,3,0.00,0,0,0,0,0,0
"
"
ODI,4,4,1,53,16,17.66,104,50.96,0,0,,,1,0
FC,1,2,0,3,3,1.50,,,0,0,0,0,1,0
List A,11,10,1,127,30,14.11,,,0,0,,,2,0
"
"
Test,4,7,3,5,2,1.25,72,6.94,0,0,0,0,0,0
ODI,5,2,0,81,59,40.50,71,114.08,0,1,3,4,1,0
FC,53,66,23,297,27,6.90,,,0,0,,,21,0
List A,51,34,10,302,59,12.58,302,100.00,0,1,,,10,0
T20,7,4,1,28,13*,9.33,22,127.27,0,0,2,2,3,0
"
"
ODI,1,1,0,3,3,3.00,8,37.50,0,0,0,0,0,0
FC,4,7,0,120,42,17.14,,,0,0,,,0,0
List A,6,6,1,66,29,13.20,,,0,0,,,1,0
"
"
FC,16,25,1,571,91,23.79,1227,46.53,0,1,57,12,36,4
List A,38,33,4,1222,115*,42.13,1698,71.96,1,10,85,41,46,9
T20,32,28,5,356,44,15.47,303,117.49,0,0,17,19,22,5
"
"
FC,75,121,12,2526,135,23.17,5640,44.78,1,14,276,18,65,0
List A,105,91,16,2234,107,29.78,3304,67.61,2,13,160,26,47,0
T20,42,31,4,443,41,16.40,481,92.09,0,0,38,8,13,0
"
"
FC,3,5,0,198,78,39.60,296,66.89,0,1,19,4,4,0
List A,13,13,1,510,123,42.50,682,74.78,1,4,48,6,5,0
T20,19,17,4,512,85*,39.38,425,120.47,0,2,37,20,8,0
"
"
Test,17,33,11,81,21,3.68,374,21.65,0,0,6,0,4,0
ODI,34,22,13,53,13,5.88,134,39.55,0,0,4,0,8,0
FC,52,87,31,401,49*,7.16,,,0,0,,,17,0
List A,77,43,21,148,17,6.72,,,0,0,,,23,0
"
"
Test,6,11,1,257,69,25.70,692,37.13,0,1,30,1,3,0
ODI,25,21,5,331,63,20.68,668,49.55,0,1,21,1,6,0
FC,46,80,12,2466,151,36.26,,,4,8,,,32,0
List A,65,57,13,869,76*,19.75,,,0,3,,,21,0
"
"
Test,3,6,0,125,41,20.83,291,42.95,0,0,13,1,2,0
FC,140,240,22,8146,289,37.36,15597,52.22,21,38,935,65,101,0
List A,122,115,10,3462,135,32.97,4785,72.35,3,22,279,33,53,0
T20,44,37,4,568,53,17.21,553,102.71,0,1,40,12,16,0
"
"
Test,36,67,5,797,79,12.85,1186,67.20,0,3,95,22,9,0
ODI,220,158,28,1787,51*,13.74,2041,87.55,0,1,150,62,62,0
T20I,54,39,11,377,36,13.46,277,136.10,0,0,28,23,10,0
FC,57,100,7,1458,132*,15.67,,,1,6,,,24,0
List A,306,226,36,3091,104,16.26,3334,92.71,1,8,,,93,0
T20,167,106,28,1046,56*,13.41,796,131.40,0,1,70,65,34,0
"
"
ODI,1,1,0,3,3,3.00,18,16.66,0,0,0,0,0,0
FC,27,50,4,1316,171,28.60,,,2,4,,,22,0
List A,16,16,1,250,69,16.66,,,0,1,,,8,0
"
"
FC,1,1,0,0,0,0.00,14,0.00,0,0,0,0,0,0
List A,5,3,2,4,3*,4.00,8,50.00,0,0,0,0,1,0
T20,4,-,-,-,-,-,-,-,-,-,-,-,2,0
"
"
FC,29,36,5,429,57*,13.83,1032,41.56,0,2,38,17,14,0
List A,26,15,5,29,20*,2.90,72,40.27,0,0,1,0,3,0
T20,27,5,3,11,9,5.50,9,122.22,0,0,2,0,8,0
"
"
FC,31,56,5,1368,141,26.82,2764,49.49,3,4,146,18,28,0
List A,87,87,5,3014,137*,36.75,3770,79.94,6,20,299,90,47,0
T20,52,49,3,861,94,18.71,785,109.68,0,3,79,40,15,0
"
"
Test,9,18,0,241,71,13.38,738,32.65,0,1,26,0,6,0
ODI,18,18,0,449,101,24.94,763,58.84,1,2,48,3,6,0
FC,58,99,2,2805,169,28.91,,,5,13,,,38,0
List A,68,65,2,1575,155*,25.00,,,2,8,,,22,0
"
"
Test,7,13,1,243,83,20.25,476,51.05,0,1,32,1,2,0
ODI,18,16,0,276,54,17.25,642,42.99,0,1,24,0,7,0
T20I,2,2,1,16,10,16.00,25,64.00,0,0,1,0,0,0
FC,124,215,22,6646,218,34.43,,,16,29,,,56,0
List A,107,103,11,2538,102,27.58,4288,59.18,1,17,,,32,0
T20,26,19,8,312,58*,28.36,283,110.24,0,1,20,10,7,0
"
"
ODI,27,26,2,453,68*,18.87,909,49.83,0,2,2,0
FC,24,36,3,1709,210,51.78,,,4,9,20,0
List A,65,62,6,1567,109*,27.98,,,1,12,14,0
"
"
FC,2,3,2,26,9*,26.00,93,27.95,0,0,3,0,0,0
List A,2,-,-,-,-,-,-,-,-,-,-,-,0,0
T20,1,1,1,1,1*,-,1,100.00,0,0,0,0,0,0
"
"
FC,5,9,0,242,76,26.88,0,1,9,2
List A,6,6,0,83,28,13.83,0,0,6,0
"
"
FC,2,4,2,16,6,8.00,42,38.09,0,0,2,0,2,0
"
"
Test,61,119,5,2737,190,24.00,5940,46.07,6,8,335,22,25,0
ODI,177,169,13,3468,109,22.23,4947,70.10,3,20,354,29,35,0
T20I,23,23,0,450,65,19.56,356,126.40,0,2,48,11,4,0
FC,165,297,10,8443,263,29.41,,,21,35,,,76,0
List A,266,254,24,5854,127,25.45,,,10,30,,,59,0
T20,87,82,6,1694,103*,22.28,1477,114.69,1,5,182,36,24,0
"
"
FC,16,22,12,59,16,5.90,241,24.48,0,0,8,0,5,0
List A,40,22,11,116,39*,10.54,139,83.45,0,0,11,5,7,0
"
"
FC,8,15,0,227,38,15.13,0,0,8,0
List A,7,6,1,66,26,13.20,0,0,5,0
"
"
Test,33,63,6,1059,111,18.57,1630,64.96,1,4,110,34,7,0
ODI,125,106,17,1191,77,13.38,1663,71.61,0,2,110,29,28,0
T20I,1,1,0,13,13,13.00,5,260.00,0,0,3,0,0,0
FC,62,108,11,1748,111,18.02,,,1,9,,,23,0
List A,164,138,20,1551,77,13.14,,,0,3,,,43,0
T20,7,4,1,22,13,7.33,16,137.50,0,0,3,0,3,0
"
"
List A,3,3,0,28,25,9.33,38,73.68,0,0,2,0,3,0
T20,7,5,1,83,56*,20.75,99,83.83,0,1,5,2,0,0
"
"
FC,20,18,4,114,31,8.14,395,28.86,0,0,17,1,10,0
List A,32,22,1,203,39,9.66,230,88.26,0,0,13,9,6,0
T20,11,5,1,10,8,2.50,19,52.63,0,0,2,0,2,0
"
"
Test,2,4,1,49,26,16.33,128,38.28,0,0,6,0,3,1
ODI,1,1,0,9,9,9.00,24,37.50,0,0,1,0,1,0
FC,65,112,10,1750,150,17.15,,,1,2,,,124,17
List A,60,58,7,986,88,19.33,,,0,4,,,49,10
"
"
Test,5,6,1,57,25,11.40,81,70.37,0,0,10,1,0,0
T20I,1,-,-,-,-,-,-,-,-,-,-,-,0,0
FC,44,62,16,720,102,15.65,1274,56.51,1,2,72,29,23,0
List A,65,36,11,156,53,6.24,168,92.85,0,1,12,6,16,0
T20,48,16,9,61,21*,8.71,81,75.30,0,0,2,4,3,0
"
"
FC,5,8,2,85,28,14.16,200,42.50,0,0,7,1,4,0
List A,5,4,1,9,8,3.00,16,56.25,0,0,0,1,1,0
"
"
Test,10,20,3,122,24*,7.17,282,43.26,0,0,10,4,5,0
ODI,9,9,5,53,13*,13.25,102,51.96,0,0,1,0,1,0
FC,132,199,30,3222,147*,19.06,,,1,10,,,73,0
List A,119,88,21,1029,58*,15.35,,,0,2,,,39,0
T20,22,13,6,68,21,9.71,79,86.07,0,0,3,2,6,0
"
"
List A,3,3,1,10,9,5.00,21,47.61,0,0,1,0,0,0
"
"
T20,12,2,2,1,1*,-,3,33.33,0,0,0,0,3,0
"
"
ODI,2,2,0,1,1,0.50,20,5.00,0,0,0,0,0,0
FC,27,49,0,1238,151,25.26,,,2,4,,,17,2
List A,18,18,0,339,70,18.83,594,57.07,0,3,,,4,0
"
"
ODI,3,1,1,2,2*,-,4,50.00,0,0,0,0,2,0
FC,3,5,2,75,32,25.00,,,0,0,,,2,0
List A,16,10,5,17,3*,3.40,,,0,0,,,5,0
"
"
List A,1,1,0,2,2,2.00,11,18.18,0,0,0,0,0,0
"
"
FC,20,33,6,521,140,19.29,1,1,4,0
List A,7,7,1,43,14,7.16,0,0,1,0
"
"
ODI,5,5,1,26,8,6.50,75,34.66,0,0,0,0,1,0
FC,112,162,24,3305,125*,23.94,8408,39.30,2,16,,,49,0
List A,104,87,15,1792,88,24.88,2681,66.84,0,8,,,27,0
T20,56,20,10,62,17,6.20,101,61.38,0,0,2,0,8,0
"
"
WODI,1,1,1,5,5*,-,9,55.55,0,0,0,0,0,0
WT20I,3,2,0,7,7,3.50,13,53.84,0,0,1,0,2,0
"
"
T20,6,3,1,5,3*,2.50,7,71.42,0,0,0,0,0,0
"
"
FC,7,13,8,26,11,5.20,84,30.95,0,0,2,2,2,0
List A,10,5,2,6,3,2.00,15,40.00,0,0,0,0,2,0
T20,31,12,5,38,11,5.42,45,84.44,0,0,1,3,11,0
"
"
T20I,1,1,1,19,19*,-,15,126.66,0,0,1,1,0,0
FC,62,88,15,1963,168,26.89,3308,59.34,1,11,200,71,27,0
List A,89,73,19,1136,62*,21.03,1223,92.88,0,4,57,62,23,0
T20,84,56,26,535,41*,17.83,520,102.88,0,0,34,22,29,0
"
"
List A,13,13,1,243,88,20.25,304,79.93,0,1,27,1,2,0
T20,15,14,1,358,92*,27.53,255,140.39,0,2,39,12,0,0
"
"
FC,6,11,3,212,47,26.50,634,33.43,0,0,0,0
List A,9,8,0,123,42,15.37,,,0,0,2,0
"
"
WODI,5,5,0,55,44,11.00,117,47.00,0,0,7,0,0,0
WT20I,10,10,1,154,33,17.11,180,85.55,0,0,18,0,2,0
"
"
Test,10,19,2,232,46*,13.64,755,30.72,0,0,23,0,6,0
ODI,28,25,3,360,49,16.36,690,52.17,0,0,29,1,6,0
FC,66,108,12,2448,115,25.50,,,1,17,,,35,0
List A,81,71,18,1230,67,23.20,,,0,4,,,29,0
"
"
FC,95,143,47,935,40*,9.73,2923,31.98,0,0,,,34,0
List A,118,68,34,243,23,7.14,453,53.64,0,0,,,41,0
T20,70,16,7,13,4,1.44,36,36.11,0,0,1,0,11,0
"
"
T20I,3,3,0,27,12,9.00,23,117.39,0,0,2,0,0,0
FC,114,168,22,4826,166,33.05,,,7,24,,,88,1
List A,135,118,11,2468,83,23.06,3437,71.80,0,12,,,48,0
T20,60,46,5,533,57,13.00,513,103.89,0,1,33,18,14,0
"
"
FC,14,25,6,585,147,30.78,1624,36.02,1,2,75,5,30,3
List A,4,4,0,50,35,12.50,103,48.54,0,0,5,0,1,0
"
"
Test,8,15,2,416,108,32.00,1110,37.47,1,1,52,4,2,0
ODI,59,51,15,975,84,27.08,1473,66.19,0,5,84,13,19,0
T20I,10,10,1,130,28,14.44,114,114.03,0,0,8,7,2,0
FC,146,239,27,8962,216,42.27,20585,43.53,27,39,,,91,1
List A,207,194,47,6113,123,41.58,8305,73.60,10,37,,,88,2
T20,83,69,19,1229,72,24.58,1130,108.76,0,5,106,30,28,0
"
"
FC,9,14,2,155,49,12.91,717,21.61,0,0,18,0,6,0
List A,71,34,17,137,13*,8.05,219,62.55,0,0,5,2,27,0
T20,28,10,2,63,34,7.87,71,88.73,0,0,5,0,9,0
"
"
Test,11,22,0,518,121,23.54,1332,38.88,1,2,72,1,2,0
ODI,16,16,0,309,58,19.31,568,54.40,0,2,32,2,2,0
FC,120,216,9,6202,153,29.96,,,10,31,,,34,0
List A,112,110,8,2754,150*,27.00,,,2,21,,,21,0
T20,6,5,0,56,25,11.20,81,69.13,0,0,3,0,1,0
"
"
List A,12,8,2,36,11*,6.00,58,62.06,0,0,1,2,1,0
T20,6,2,1,6,5,6.00,3,200.00,0,0,1,0,0,0
"
"
WODI,15,13,3,24,11,2.40,107,22.42,0,0,0,0,4,0
WT20I,41,9,7,19,7*,9.50,34,55.88,0,0,1,0,11,0
"
"
FC,45,83,6,1896,113,24.62,1,10,24,0
List A,51,48,1,834,101,17.74,1,3,10,0
"
"
Test,8,15,1,210,48,15.00,458,45.85,0,0,31,0,4,0
ODI,29,27,2,488,47,19.52,771,63.29,0,0,42,5,7,0
FC,34,61,4,1151,106,20.19,,,1,2,,,20,0
List A,60,56,3,1045,86,19.71,,,0,5,,,17,0
"
"
ODI,7,4,2,25,11,12.50,62,40.32,0,0,1,1
List A,7,4,2,25,11,12.50,,,0,0,1,1
"
"
Test,19,32,2,1044,100,34.79,1917,54.46,1,6,119,10,10,0
ODI,65,52,8,1281,100,29.11,1605,79.81,1,6,112,15,34,0
T20I,31,24,4,370,50*,18.50,326,113.49,0,2,30,7,15,0
FC,91,148,9,5462,295,39.29,,,8,31,,,75,0
List A,184,158,28,5147,134*,39.59,6093,84.47,7,32,464,101,89,0
T20,131,108,17,1931,80,21.21,1674,115.35,0,6,160,51,50,0
"
"
Test,3,6,0,125,78,20.83,320,39.06,0,1,17,2,1,0
ODI,11,11,0,147,47,13.36,237,62.02,0,0,18,2,1,0
T20I,7,7,0,178,81,25.42,158,112.65,0,1,13,10,0,0
FC,104,185,14,6269,205,36.66,12928,48.49,12,36,,,39,0
List A,121,116,7,2636,108,24.18,3732,70.63,1,17,,,24,0
T20,26,25,0,464,81,18.55,426,108.92,0,2,45,17,1,0
"
"
Test,2,4,2,16,8*,8.00,21,76.19,0,0,2,1,0,0
ODI,38,21,13,35,6*,4.37,128,27.34,0,0,0,0,6,0
T20I,4,2,2,3,3*,-,15,20.00,0,0,0,0,0,0
FC,52,78,20,610,49,10.51,1564,39.00,0,0,,,20,0
List A,69,42,24,143,28*,7.94,319,44.82,0,0,,,11,0
T20,16,6,3,5,3*,1.66,27,18.51,0,0,0,0,2,0
"
"
FC,28,40,6,1031,95*,30.32,1676,61.51,0,7,112,23,22,0
List A,110,92,16,1869,144,24.59,2026,92.25,1,7,108,80,36,0
T20,71,60,20,799,46*,19.97,679,117.67,0,0,41,35,24,0
"
"
Test,1,2,0,4,4,2.00,16,25.00,0,0,1,0,0,0
ODI,5,1,0,7,7,7.00,13,53.84,0,0,0,0,2,0
T20I,13,4,3,18,7,18.00,17,105.88,0,0,2,0,2,0
FC,63,76,14,593,38,9.56,1433,41.38,0,0,72,6,33,0
List A,89,48,17,227,22,7.32,389,58.35,0,0,14,1,31,0
T20,86,24,13,84,16,7.63,91,92.30,0,0,7,1,22,0
"
"
T20I,1,1,0,4,4,4.00,3,133.33,0,0,0,0,0,0
FC,59,111,4,3005,151,28.08,,,2,20,,,27,0
List A,84,79,8,2153,110*,30.32,2661,80.90,1,16,,,16,0
T20,6,6,2,101,90*,25.25,89,113.48,0,1,9,3,1,0
"
"
ODI,2,2,1,5,4*,5.00,5,100.00,0,0,0,0,1,0
FC,37,54,6,1064,72,22.16,,,0,7,,,24,0
List A,40,37,8,652,95*,22.48,,,0,2,,,12,0
"
"
WODI,21,18,3,360,59*,24.00,782,46.03,0,2,29,2,7,6
WT20I,52,49,12,858,113*,23.18,1003,85.54,1,0,84,5,13,23
"
"
FC,13,17,4,178,34*,13.69,515,34.56,0,0,20,1,6,0
List A,39,33,12,432,54*,20.57,633,68.24,0,1,21,13,12,0
T20,12,7,1,44,24,7.33,46,95.65,0,0,3,1,4,0
"
"
FC,6,8,6,16,10*,8.00,45,35.55,0,0,3,0,1,0
T20,2,-,-,-,-,-,-,-,-,-,-,-,1,0
"
"
FC,26,34,4,579,68,19.30,,,0,1,,,20,0
List A,40,27,9,263,38,14.61,296,88.85,0,0,26,4,14,0
T20,10,4,2,27,13*,13.50,21,128.57,0,0,2,1,3,0
"
"
ODI,4,4,0,15,13,3.75,55,27.27,0,0,0,0
List A,6,6,1,55,38,11.00,,,0,0,0,0
"
"
WODI,10,9,3,53,26,8.83,108,49.07,0,0,3,0,6,4
WT20I,18,9,3,45,11,7.50,77,58.44,0,0,0,0,3,15
"
"
WODI,28,20,5,133,23,8.86,325,40.92,0,0,11,0,5,0
WT20I,40,23,14,92,14*,10.22,138,66.66,0,0,3,0,6,0
"
"
FC,1,2,0,6,6,3.00,31,19.35,0,0,1,0,1,0
List A,10,10,1,198,69,22.00,239,82.84,0,1,8,9,0,0
T20,24,24,1,563,100*,24.47,455,123.73,1,2,44,36,8,0
"
"
FC,23,42,3,1378,159,35.33,2770,49.74,3,8,159,17,14,0
List A,21,21,0,449,62,21.38,699,64.23,0,2,50,3,2,2
T20,5,5,2,74,51*,24.66,79,93.67,0,1,7,1,3,0
"
"
List A,9,9,0,172,81,19.11,353,48.72,0,1,5,1,3,0
"
"
FC,2,3,0,24,21,8.00,52,46.15,0,0,4,0,7,3
List A,1,1,0,33,33,33.00,36,91.66,0,0,2,0,0,0
T20,12,9,2,69,21,9.85,50,138.00,0,0,4,5,8,4
"
"
FC,1,-,-,-,-,-,-,-,-,-,-,-,2,0
List A,3,2,0,17,11,8.50,20,85.00,0,0,2,0,2,1
"
"
FC,4,6,1,44,24,8.80,87,50.57,0,0,10,0,1,0
List A,26,17,4,93,15*,7.15,114,81.57,0,0,5,4,6,0
T20,16,6,4,24,13*,12.00,41,58.53,0,0,1,1,3,0
"
"
WT20I,2,-,-,-,-,-,-,-,-,-,-,-,1,0
"
"
Test,1,2,0,7,6,3.50,53,13.20,0,0,1,0,0,0
ODI,1,1,0,0,0,0.00,5,0.00,0,0,0,0,0,0
FC,46,81,3,2164,124,27.74,,,3,10,,,38,0
List A,41,40,2,768,63,20.21,,,0,4,,,14,0
"
"
ODI,2,2,0,24,14,12.00,63,38.09,0,0,0,0
List A,2,2,0,24,14,12.00,,,0,0,0,0
"
"
FC,29,44,10,902,106*,26.52,2078,43.40,1,4,120,7,25,0
List A,47,27,6,269,37,12.80,452,59.51,0,0,23,5,21,0
T20,11,7,1,120,54,20.00,116,103.44,0,1,4,6,2,0
"
"
FC,9,16,3,414,90,31.84,1043,39.69,0,3,55,0,12,0
List A,6,6,1,58,35,11.60,130,44.61,0,0,4,1,2,0
"
"
Test,24,46,2,1141,89,25.93,3182,35.85,0,7,138,5,15,0
ODI,43,43,1,1005,108*,23.92,1833,54.82,1,6,94,3,9,0
FC,148,256,21,8481,201*,36.08,,,18,44,,,128,0
List A,140,138,10,3153,108*,24.63,,,5,14,,,44,0
T20,1,1,0,11,11,11.00,16,68.75,0,0,0,0,2,0
"
"
FC,1,1,1,5,5*,-,22,22.72,0,0,1,0,1,0
List A,8,2,1,2,1*,2.00,3,66.66,0,0,0,0,1,0
T20,18,5,3,14,13,7.00,20,70.00,0,0,0,1,4,0
"
"
Test,1,2,0,2,2,1.00,31,6.45,0,0,0,0,1,0
FC,19,27,8,133,18,7.00,,,0,0,,,5,0
List A,20,18,6,70,20*,5.83,,,0,0,,,4,0
"
"
ODI,2,2,0,17,12,8.50,65,26.15,0,0,1,0
FC,9,15,1,244,50,17.42,,,0,,6,2
List A,2,2,0,17,12,8.50,,,0,0,1,0
"
"
Test,9,18,1,336,65,19.76,835,40.23,0,1,37,1,9,0
ODI,55,54,7,1308,89,27.82,2133,61.32,0,8,102,8,18,0
T20I,5,5,0,51,18,10.19,62,82.25,0,0,3,1,1,0
FC,116,189,11,6672,313*,37.48,,,11,36,,,93,0
List A,190,187,28,6221,190,39.12,,,6,44,,,58,0
T20,36,31,5,375,43,14.42,386,97.15,0,0,34,7,8,0
"
"
T20,13,11,3,169,37,21.12,136,124.26,0,0,11,6,4,0
"
"
FC,3,5,1,25,11,6.25,142,17.60,0,0,2,0,2,0
List A,10,6,2,18,9,4.50,58,31.03,0,0,1,0,2,0
"
"
List A,4,1,1,18,18*,-,14,128.57,0,0,2,1,0,0
"
"
FC,9,12,2,108,42,10.80,226,47.78,0,0,6,8,17,0
T20,14,8,2,51,37,8.50,35,145.71,0,0,4,3,11,0
"
"
WODI,16,14,6,156,28,19.50,289,53.97,0,0,10,0,0,0
WT20I,30,22,7,144,23*,9.60,200,72.00,0,0,7,1,2,0
"
"
FC,9,12,4,98,34,12.25,310,31.61,0,0,7,0,7,0
List A,28,23,10,225,29*,17.30,286,78.67,0,0,17,2,9,0
T20,10,8,5,64,17*,21.33,56,114.28,0,0,5,2,2,0
"
"
FC,4,7,2,77,37,15.40,211,36.49,0,0,7,0,1,0
"
"
Test,9,17,6,99,33,9.00,203,48.76,0,0,13,3,5,0
ODI,3,1,1,0,0*,-,1,0.00,0,0,0,0,0,0
T20I,1,-,-,-,-,-,-,-,-,-,-,-,0,0
FC,77,111,42,617,39*,8.94,,,0,0,,,32,0
List A,38,28,8,148,34*,7.40,180,82.22,0,0,8,11,5,0
T20,6,1,1,8,8*,-,10,80.00,0,0,1,0,2,0
"
"
List A,2,2,0,0,0,0.00,15,0.00,0,0,0,0,1,0
"
"
T20I,1,1,0,21,21,21.00,22,95.45,0,0,0,1,0,0
FC,85,144,7,4773,228*,34.83,8149,58.57,10,22,558,92,68,0
List A,111,111,3,2779,132*,25.73,3559,78.08,3,11,285,72,50,4
T20,79,76,2,1408,66,19.02,1129,124.71,0,6,139,53,27,3
"
"
List A,3,1,0,2,2,2.00,9,22.22,0,0,0,0,0,0
"
"
List A,3,1,0,0,0,0.00,1,0.00,0,0,0,0,0,0
"
"
WODI,38,37,3,827,75,24.32,1547,53.45,0,4,75,1,11,0
WT20I,65,60,6,746,50,13.81,898,83.07,0,1,67,4,10,0
"
"
FC,57,82,5,1253,103*,16.27,2,2,46,0
List A,51,42,4,588,140,15.47,1,2,18,0
"
"
Test,11,22,2,481,66,24.05,875,54.97,0,4,57,6,3,0
ODI,66,59,7,1333,102,25.63,1461,91.23,1,6,153,24,37,0
T20I,44,43,5,946,80,24.89,783,120.81,0,4,89,28,25,0
FC,65,113,16,2932,165,30.22,5223,56.13,4,15,366,35,54,0
List A,158,148,18,3647,112,28.05,3978,91.67,3,18,366,86,77,0
T20,175,162,22,3537,122,25.26,2961,119.45,1,16,289,128,100,0
"
"
FC,5,10,0,303,76,30.30,608,49.83,0,3,37,9,2,0
List A,14,14,2,219,58*,18.25,201,108.95,0,1,9,12,7,0
"
"
FC,99,169,10,3900,114,24.52,,,2,17,,,249,36
List A,79,68,8,1097,75*,18.28,1749,62.72,0,6,,,60,24
T20,16,8,0,67,21,8.37,73,91.78,0,0,8,1,6,7
"
"
List A,3,1,0,1,1,1.00,3,33.33,0,0,0,0,1,0
"
"
ODI,7,4,2,37,22*,18.50,59,62.71,0,0,3,0,0,0
FC,11,16,4,155,30,12.91,,,0,0,,,3,0
List A,38,29,10,210,37*,11.05,,,0,0,,,9,0
"
"
List A,7,6,2,24,78,6.00,0,0,3,0
"
"
Test,3,6,0,18,6,3.00,47,38.29,0,0,2,0,0,0
T20I,1,-,-,-,-,-,-,-,-,-,-,-,1,0
FC,99,141,45,1723,76,17.94,3388,50.85,0,5,200,32,28,0
List A,55,40,14,324,40,12.46,432,75.00,0,0,19,13,12,0
T20,7,2,0,4,3,2.00,14,28.57,0,0,0,0,3,0
"
"
ODI,2,2,0,15,11,7.50,46,32.60,0,0,0,0,0,0
FC,33,54,4,1282,117,25.64,,,1,6,,,25,0
List A,39,37,3,638,63,18.76,,,0,1,,,6,0
"
"
FC,8,8,1,45,21,6.42,153,29.41,0,0,5,0,6,0
List A,23,18,10,38,13*,4.75,117,32.47,0,0,2,1,11,0
"
"
FC,4,8,0,98,31,12.25,341,28.73,0,0,4,0
List A,4,3,0,61,43,20.33,108,56.48,0,0,0,0
"
"
WODI,34,32,3,379,75*,13.06,719,52.71,0,1,35,0,8,0
WT20I,74,49,11,531,49*,13.97,634,83.75,0,0,40,2,14,0
"
"
FC,45,71,4,1857,146,27.71,3876,47.91,1,11,244,11,27,0
List A,49,46,6,1177,110,29.42,1592,73.93,1,9,122,8,17,0
T20,12,8,3,105,21,21.00,125,84.00,0,0,6,1,1,0
"
"
ODI,2,2,0,4,4,2.00,7,57.14,0,0,0,1,0
List A,2,2,0,4,4,2.00,,,0,0,,1,0
"
"
WT20I,1,1,1,2,2*,-,3,66.66,0,0,0,0,0,0
"
"
WODI,16,15,0,174,35,11.60,406,42.85,0,0,17,0,5,0
WT20I,54,49,3,520,71*,11.30,702,74.07,0,1,47,6,8,0
"
"
FC,17,22,11,101,36*,9.18,338,29.88,0,0,10,0,7,0
List A,40,31,10,221,31*,10.52,370,59.72,0,0,11,2,20,0
T20,12,4,2,9,5*,4.50,25,36.00,0,0,0,0,2,0
"
"
Test,9,18,0,345,49,19.16,743,46.43,0,0,40,0,1,0
ODI,27,27,2,290,52,11.60,597,48.57,0,1,23,0,11,0
FC,42,70,3,2103,117*,31.38,,,4,9,,,31,0
List A,63,58,8,940,76,18.80,,,0,4,,,27,0
"
"
T20I,1,-,-,-,-,-,-,-,-,-,-,-,0,0
FC,94,123,40,690,47*,8.31,2678,25.76,0,0,83,2,36,0
List A,114,58,29,276,31*,9.51,440,62.72,0,0,14,5,34,0
T20,51,16,12,44,11,11.00,46,95.65,0,0,2,1,9,0
"
"
WODI,13,13,0,115,27,8.84,264,43.56,0,0,13,0,3,0
"
"
FC,43,53,22,306,30,9.87,562,54.44,0,0,25,0
List A,49,24,9,140,35,9.33,,,0,0,9,0
"
"
FC,11,17,0,366,71,21.52,0,18,3
"
"
ODI,11,10,6,22,11,5.50,66,33.33,0,0,0,0
FC,29,35,15,150,25,7.50,,,0,0,8,0
List A,36,27,13,65,18,4.64,,,0,0,6,0
"
"
FC,19,34,0,768,77,22.58,2143,35.83,0,5,10,0
List A,37,31,4,439,58,16.25,,,0,2,7,0
"
"
FC,1,2,0,0,0,0.00,4,0.00,0,0,0,0,0,0
List A,15,14,0,367,66,26.21,490,74.89,0,2,41,7,4,0
T20,2,2,1,18,18*,18.00,12,150.00,0,0,3,0,1,0
"
"
Test,11,21,1,211,53,10.55,439,48.06,0,1,31,3,2,0
ODI,60,34,12,134,24*,6.09,240,55.83,0,0,13,2,8,0
T20I,20,6,1,23,16,4.59,33,69.69,0,0,1,1,1,0
FC,62,86,19,865,53,12.91,1486,58.20,0,2,112,24,17,0
List A,130,76,27,407,44,8.30,562,72.41,0,0,33,11,27,0
T20,109,34,18,156,25*,9.75,176,88.63,0,0,14,3,22,0
"
"
Test,38,69,17,521,40,10.01,1134,45.94,0,0,69,6,9,0
ODI,51,27,17,79,16*,7.90,151,52.31,0,0,7,1,5,0
T20I,6,5,3,8,4*,4.00,12,66.66,0,0,0,0,0,0
FC,112,160,41,1271,40,10.68,,,0,0,,,28,0
List A,122,74,40,316,26,9.29,,,0,0,,,14,0
T20,34,14,8,49,19*,8.16,49,100.00,0,0,3,1,2,0
"
"
FC,3,5,1,228,108,57.00,510,44.70,1,1,20,4,1,0
List A,1,1,0,13,13,13.00,19,68.42,0,0,1,0,0,0
T20,5,5,0,41,13,8.19,52,78.84,0,0,5,0,3,0
"
"
WODI,2,2,0,2,2,1.00,18,11.11,0,0,0,0,0,0
WT20I,2,2,0,28,15,14.00,53,52.83,0,0,1,0,1,0
"
"
FC,20,32,2,642,102,21.40,1539,41.71,1,3,72,7,9,0
List A,12,10,2,135,32,16.87,238,56.72,0,0,5,0,4,1
"
"
ODI,2,2,0,62,37,31.00,108,57.40,0,0,0,0
List A,2,2,0,62,37,31.00,,,0,0,0,0
"
"
FC,10,18,0,190,32,10.55,0,0,5,0
List A,16,13,2,114,31,10.36,0,0,6,0
"
"
Test,3,5,0,99,48,19.80,238,41.59,0,0,14,0,0,1
ODI,20,19,0,362,95,19.05,682,53.07,0,2,,,5,0
FC,16,29,2,947,218,35.07,,,3,2,,,3,1
List A,39,38,1,814,95,22.00,,,0,6,,,11,0
"
"
Test,24,48,0,1267,138,26.39,2268,55.86,1,7,189,1,19,0
ODI,75,75,5,2201,123*,31.44,3167,69.49,4,13,277,7,13,0
T20I,1,1,0,25,25,25.00,17,147.05,0,0,3,1,1,0
FC,124,222,10,8141,219,38.40,13594,59.88,15,48,,,74,0
List A,180,176,13,5269,147,32.32,7591,69.41,9,30,,,51,0
T20,60,57,7,1248,102*,24.96,1199,104.08,1,6,133,23,18,0
"
"
WODI,9,8,2,81,22,13.50,147,55.10,0,0,8,0,4,0
WT20I,16,10,1,79,25*,8.77,134,58.95,0,0,3,0,4,0
"
"
FC,17,26,4,403,62,18.31,1199,33.61,0,2,57,1,16,0
List A,6,4,1,38,23,12.66,74,51.35,0,0,3,0,1,0
"
"
FC,9,9,1,28,11,3.50,80,35.00,0,0,4,1,2,0
List A,13,4,0,10,8,2.50,24,41.66,0,0,1,0,5,0
T20,1,1,1,0,0*,-,1,0.00,0,0,0,0,0,0
"
"
FC,2,3,0,3,3,1.00,23,13.04,0,0,0,0,4,2
List A,4,2,1,7,5*,7.00,9,77.77,0,0,0,0,4,1
T20,3,3,1,25,18,12.50,26,96.15,0,0,2,0,3,2
"
"
WODI,5,5,0,102,53,20.39,213,47.88,0,1,12,1,1,3
WT20I,37,35,1,481,51,14.14,555,86.66,0,2,68,1,9,14
"
"
Test,6,12,0,305,106,25.41,640,47.65,1,0,40,3,7,0
ODI,10,10,0,266,96,26.60,350,76.00,0,2,23,9,3,0
T20I,9,8,0,86,53,10.75,85,101.17,0,1,12,1,2,0
FC,128,227,13,8007,267,37.41,,,20,39,,,105,0
List A,144,141,8,4334,144*,32.58,,,4,30,,,57,1
T20,94,83,9,1713,98*,23.14,1455,117.73,0,10,156,50,24,0
"
"
FC,10,12,6,44,14,7.33,0,0,4,0
"
"
ODI,1,1,0,10,10,10.00,6,166.66,0,0,0,1,0,0
FC,3,2,2,5,4*,-,,,0,0,,,1,0
List A,1,1,0,10,10,10.00,,,0,0,,,0,0
"
"
WODI,22,21,0,321,74,15.28,691,46.45,0,3,39,0,2,0
WT20I,14,12,0,126,35,10.50,215,58.60,0,0,11,0,1,0
"
"
WODI,2,2,0,1,1,0.50,5,20.00,0,0,0,0,0,0
WT20I,1,-,-,-,-,-,-,-,-,-,-,-,0,0
"
"
ODI,6,5,3,24,12,12.00,136,17.64,0,0,0,0
FC,28,51,5,881,96,19.15,,,0,7,22,0
List A,35,31,5,367,43,14.11,,,0,0,7,0
"
"
FC,2,3,1,6,5,3.00,16,37.50,0,0,1,0,1,0
List A,1,-,-,-,-,-,-,-,-,-,-,-,0,0
"
"
WODI,2,1,0,0,0,0.00,4,0.00,0,0,0,0,0,0
WT20I,5,2,1,3,3,3.00,6,50.00,0,0,0,0,0,0
"
"
WODI,11,11,0,143,53,13.00,425,33.64,0,1,9,1,5,0
WT20I,9,9,2,116,29,16.57,159,72.95,0,0,9,2,3,0
"
"
Test,8,15,4,244,50,22.18,437,55.83,0,1,29,0,8,0
ODI,4,3,1,70,35*,35.00,86,81.39,0,0,9,0,0,0
T20I,5,4,2,35,16*,17.50,35,100.00,0,0,3,1,1,0
FC,97,155,18,5268,166*,38.45,,,13,29,,,102,0
List A,105,91,7,1971,116,23.46,2130,92.53,1,11,192,46,44,0
T20,106,87,14,1125,62,15.41,828,135.86,0,5,90,53,50,0
"
"
FC,65,116,2,2572,111,22.56,5398,47.64,1,12,344,22,50,0
List A,102,101,7,2827,115*,30.07,3657,77.30,2,20,276,78,43,0
T20,43,41,3,654,60,17.21,553,118.26,0,2,52,32,17,0
"
"
Test,10,16,1,325,101*,21.66,529,61.43,1,0,32,11,5,0
ODI,20,16,4,184,30,15.33,213,86.38,0,0,18,4,7,0
T20I,10,7,3,57,24,14.25,59,96.61,0,0,3,1,2,0
FC,93,140,6,4055,146,30.26,4746,85.44,8,17,441,148,65,0
List A,120,102,15,1722,89,19.79,1872,91.98,0,5,142,56,44,0
T20,95,54,16,401,52,10.55,377,106.36,0,1,29,13,24,0
"
"
Test,1,2,0,15,15,7.50,40,37.50,0,0,1,0,0,0
ODI,17,10,3,98,20*,14.00,135,72.59,0,0,9,1,9,0
T20I,1,1,1,1,1*,-,3,33.33,0,0,0,0,0,0
FC,100,150,27,4185,151,34.02,,,5,25,,,72,0
List A,126,93,20,1440,105*,19.72,1941,74.18,1,3,,,48,0
T20,69,44,20,466,35*,19.41,447,104.25,0,0,30,8,19,0
"
"
Test,4,6,5,14,12*,14.00,60,23.33,0,0,3,0,0,0
ODI,1,1,1,1,1*,-,9,11.11,0,0,0,0,0,0
FC,67,78,32,171,33,3.71,714,23.94,0,0,25,3,21,0
List A,71,31,21,58,12*,5.80,145,40.00,0,0,4,1,15,0
T20,31,6,5,3,2*,3.00,10,30.00,0,0,0,0,7,0
"
"
WODI,6,5,0,17,11,3.40,56,30.35,0,0,0,0,4,5
WT20I,1,-,-,-,-,-,-,-,-,-,-,-,0,0
"
"
Test,1,1,0,24,24,24.00,56,42.85,0,0,1,0,0,0
ODI,3,1,0,19,19,19.00,24,79.16,0,0,3,0,0,0
FC,84,120,14,2476,172,23.35,4817,51.40,1,8,279,25,53,0
List A,112,61,20,652,53*,15.90,782,83.37,0,1,55,8,37,0
T20,73,35,17,209,31*,11.61,211,99.05,0,0,14,5,26,0
"
"
Test,6,12,4,37,19,4.62,95,38.94,0,0,6,0,0,0
ODI,52,27,11,81,15,5.06,185,43.78,0,0,7,0,8,0
T20I,8,3,1,7,6,3.50,9,77.77,0,0,1,0,1,0
FC,66,102,26,1126,91,14.81,2198,51.22,0,2,,,21,0
List A,118,61,18,320,41,7.44,,,0,0,,,17,0
T20,17,11,5,29,6*,4.83,33,87.87,0,0,2,0,3,0
"
"
T20,2,1,0,3,3,3.00,11,27.27,0,0,0,0,1,0
"
"
FC,70,104,10,3692,242,39.27,6831,54.04,7,20,382,30,26,0
List A,98,82,19,2525,114*,40.07,3420,73.83,2,16,186,34,45,0
T20,14,12,4,159,32,19.87,167,95.20,0,0,14,1,1,0
"
"
Test,7,14,6,52,31,6.50,97,53.60,0,0,9,1,1,0
ODI,6,5,3,5,4*,2.50,15,33.33,0,0,1,0,1,0
FC,73,110,23,925,50,10.63,1512,61.17,0,1,,,28,0
List A,29,17,4,59,13,4.53,,,0,0,,,8,0
T20,3,1,1,1,1*,-,2,50.00,0,0,0,0,2,0
"
"
ODI,2,2,0,5,3,2.50,16,31.25,0,0,0,0,1,0
FC,79,118,13,3344,177,31.84,7887,42.39,7,17,331,14,74,0
List A,98,93,23,2121,132*,30.30,2936,72.24,1,12,149,36,54,0
T20,35,23,10,236,45*,18.15,204,115.68,0,0,17,7,12,0
"
"
FC,4,6,0,209,82,34.83,217,96.31,0,1,28,3,3,0
List A,18,18,1,476,101*,28.00,621,76.65,1,3,45,12,13,0
T20,19,19,3,426,79*,26.62,382,111.51,0,2,32,16,15,0
"
"
FC,1,2,0,44,33,22.00,121,36.36,0,0,3,1,1,0
List A,7,7,1,60,17,10.00,104,57.69,0,0,4,1,3,0
T20,14,5,3,23,9,11.50,17,135.29,0,0,0,2,5,0
"
"
Test,21,40,6,384,66,11.29,769,49.93,0,2,47,2,6,0
ODI,56,41,13,336,35*,12.00,576,58.33,0,0,26,4,8,0
FC,85,140,15,1878,112,15.02,,,1,6,,,28,0
List A,121,82,23,890,68,15.08,,,0,3,,,22,0
T20,8,2,1,21,15,21.00,9,233.33,0,0,0,3,0,0
"
"
FC,39,71,11,1256,150*,20.93,3884,32.33,2,6,145,3,28,0
List A,29,27,5,350,47,15.90,513,68.22,0,0,16,8,13,0
T20,12,6,2,52,29*,13.00,70,74.28,0,0,3,1,1,0
"
"
Test,3,6,4,22,10*,11.00,147,14.96,0,0,2,0,1,0
ODI,10,8,7,26,11*,26.00,73,35.61,0,0,2,0,4,0
FC,69,100,42,819,39,14.12,,,0,0,,,42,0
List A,56,32,17,129,24,8.60,286,45.10,0,0,,,18,0
T20,2,2,2,5,4*,-,6,83.33,0,0,0,0,1,0
"
"
FC,3,6,2,21,19,5.25,0,0,0,0
List A,8,6,3,40,17,13.33,0,0,2,0
"
"
FC,77,129,19,4517,135*,41.06,10158,44.46,13,22,500,24,65,0
List A,62,58,8,1604,126*,32.08,2346,68.37,3,3,136,17,27,0
T20,11,11,1,248,65*,24.80,250,99.20,0,2,26,4,1,0
"
"
WODI,4,4,0,11,7,2.75,66,16.66,0,0,1,0,3,0
WT20I,4,3,0,4,3,1.33,15,26.66,0,0,0,0,0,0
"
"
FC,2,3,1,5,4*,2.50,5,100.00,0,0,1,0,2,0
List A,22,13,7,50,14,8.33,123,40.65,0,0,3,0,1,0
T20,12,3,1,15,9*,7.50,19,78.94,0,0,1,0,2,0
"
"
WODI,1,1,0,7,7,7.00,19,36.84,0,0,0,0,0,0
WT20I,2,1,1,7,7*,-,12,58.33,0,0,0,0,0,0
"
"
FC,4,5,0,99,36,19.80,196,50.51,0,0,12,0,1,0
List A,28,28,8,1046,122*,52.30,1316,79.48,1,8,65,13,6,0
T20,25,23,4,587,66*,30.89,506,116.00,0,3,40,18,12,0
"
"
Test,5,10,0,89,28,8.90,263,33.84,0,0,12,0,1,0
ODI,41,40,0,574,65,14.35,970,59.17,0,2,67,1,6,0
FC,179,302,27,11922,220,43.35,,,32,63,,,80,0
List A,173,167,8,4439,106*,27.91,,,1,30,,,49,0
T20,8,6,0,103,45,17.16,99,104.04,0,0,7,4,1,0
"
"
ODI,1,-,-,-,-,-,-,-,-,-,-,-,0,0
List A,1,-,-,-,-,-,-,-,-,-,-,-,0,0
"
"
FC,12,20,1,472,74,24.84,1090,43.30,0,2,4,0
List A,14,12,2,181,49*,18.10,,,0,0,0,0
"
"
FC,54,86,12,3789,165,51.20,6835,55.43,8,24,411,69,59,0
List A,77,71,17,1878,106*,34.77,2361,79.54,2,11,129,52,31,0
T20,54,50,7,1158,78,26.93,937,123.58,0,7,81,46,20,0
"
"
FC,49,71,13,1341,91,23.12,3752,35.74,0,5,153,3,114,21
List A,32,24,9,301,52*,20.06,523,57.55,0,1,26,4,22,11
"
"
ODI,3,3,0,14,6,4.66,44,31.81,0,0,0,0,0,0
List A,6,5,0,41,23,8.19,,,0,0,,,1,0
"
"
FC,7,14,1,282,55,21.69,770,36.62,0,2,33,1,2,0
List A,30,25,4,265,33*,12.61,510,51.96,0,0,16,0,11,0
T20,1,1,0,4,4,4.00,5,80.00,0,0,0,0,0,0
"
"
ODI,1,-,-,-,-,-,-,-,-,-,-,-,0,0
FC,2,3,0,25,18,8.33,,,0,0,,,0,0
List A,15,9,3,53,13*,8.83,,,0,0,,,0,0
"
"
T20I,1,1,0,10,10,10.00,9,111.11,0,0,1,0,0,0
FC,49,76,5,2667,211,37.56,4692,56.84,7,12,291,28,81,8
List A,71,65,7,1553,92,26.77,2045,75.94,0,13,134,33,40,8
T20,58,44,8,670,63,18.61,601,111.48,0,3,68,15,8,3
"
"
ODI,1,1,0,0,0,0.00,1,0.00,0,0,0,0,0,0
FC,2,1,0,2,2,2.00,,,0,0,0,0,2,0
List A,7,3,1,19,13,9.50,,,0,0,,,0,0
"
"
Test,1,2,0,14,14,7.00,40,35.00,0,0,2,0,0,0
ODI,13,11,0,124,41,11.27,110,112.72,0,0,13,6,5,0
T20I,14,12,3,117,40*,13.00,91,128.57,0,0,3,10,4,0
FC,123,189,20,4670,167,27.63,7953,58.71,8,23,,,71,0
List A,149,126,15,2265,104*,20.40,2555,88.64,2,9,,,46,0
T20,117,92,25,1355,72*,20.22,1036,130.79,0,3,86,93,43,0
"
"
